issuer,split,report,period_end,filed,url,bytes,sha256
COMB,train,Annual Report as at 31st December 2025,2025-12-31,2026-03-09,https://cdn.cse.lk/cmt/upload_report_file/369_1773048532050.pdf,8940204,
HNB,test,Annual Report as at 31st December 2025,2025-12-31,2026-03-09,https://cdn.cse.lk/cmt/upload_report_file/373_1773025115363.pdf,14880583,e014c9ead859cd604aecb59fb8d131e465833d02af31efe2d51f92bbbe0e93c8
SAMP,dev,Annual Report as at 31st December 2025,2025-12-31,2026-03-04,https://cdn.cse.lk/cmt/upload_report_file/431_1772616197661.pdf,15199597,40c1c29b1210c55b3e96c5cb8313e9f780dcc6b4dae51f932c9dccdb67d7f259
SEYB,train,Annual Report as at 31st December 2025,2025-12-31,2026-03-09,https://cdn.cse.lk/cmt/upload_report_file/443_1773049007293.pdf,7796593,
NDB,train,Annual Report as at 31st December 2025,2025-12-31,2026-03-04,https://cdn.cse.lk/cmt/upload_report_file/386_1772615356033.pdf,14651319,
DFCC,calibration,Annual Report as at 31st December 2025,2025-12-31,2026-03-06,https://cdn.cse.lk/cmt/upload_report_file/371_1772789554981.pdf,6634352,2d9347edcc956ba19134b5d4404d8780ba093c0c7f17f7c103b9f160cd4e42f2
NTB,calibration,Annual Report as at 31st December 2025,2025-12-31,2026-02-27,https://cdn.cse.lk/cmt/upload_report_file/387_1772183192728.pdf,13936575,57e6a769044c861ddff9143bf27be9232bfcaadf68e76b92bd922011771a863f
PABC,test,Annual Report as at 31st December 2025,2025-12-31,2026-03-05,https://cdn.cse.lk/cmt/upload_report_file/388_1772701851872..pdf,11171415,9d94726b5be20aa76c54b25847e90177f639a9757c15bcea2be09cfa6b67d31b
PLC,test,Annual Report as at 31st March 2026,2026-03-31,2026-06-05,https://cdn.cse.lk/cmt/upload_report_file/1103_1780658221846.pdf,11728734,64615e00afb04f6282c299c13c1a61ca0f19c70eb8eeb682624be5b570db0be8
CFIN,dev,Annual Report as at 31st March 2026,2026-03-31,2026-06-05,https://cdn.cse.lk/cmt/upload_report_file/366_1780652701197.pdf,9457968,67b35fa51f05fc9ff6762200baea6fce102ecff950a21934e3a3d721910e4384
CINS,calibration,Annual Report as at 31st December 2025,2025-12-31,2026-04-24,https://cdn.cse.lk/cmt/upload_report_file/367_1777000128567.pdf,9758329,74050196958c2712365cb977fb9e0a05f1758b82f739436bd07d742e909877b4
UAL,test,Annual Report as at 31st December 2025,2025-12-31,2026-03-06,https://cdn.cse.lk/cmt/upload_report_file/450_1772787857438.pdf,14875863,6cc039ea8c1d918221586779817b39969b805d5678bb9fbce7ed8dc91eb5a191
HASU,calibration,Annual Report as at 31st December 2025,2025-12-31,2026-03-06,https://cdn.cse.lk/cmt/upload_report_file/375_1772810056519.pdf,10607512,9bf7799d78e5b04c34f3cfd8acc434cbf6f0b3340bdd8e0c4d254a9814a39d03
JKH,calibration,Annual Report as at 31st March 2026,2026-03-31,2026-05-26,https://cdn.cse.lk/cmt/upload_report_file/508_1779789508055.pdf,15244264,0c1254401850083876907dce40c9b36198f067844262dcb8d3bd683a89dc7aa4
HAYL,calibration,Annual Report as at 31st March 2026,2026-03-31,2026-06-09,https://cdn.cse.lk/cmt/upload_report_file/505_1781001333201.pdf,19822584,aa5044919afcc45e3df8ccc706bf55594a793bb0b8cf6cec446c7c8f3f278cf5
HHL,test,Annual Report as at 31st March 2026,2026-03-31,2026-05-22,https://cdn.cse.lk/cmt/upload_report_file/506_1779447790517.pdf,8751850,49b04021b112f446bf29a82f367c811e88a03f4047ab7c82065881ba88799d78
SPEN,train,Annual Report as at 31st March 2026,2026-03-31,2026-06-05,https://cdn.cse.lk/cmt/upload_report_file/501_1780650293028.pdf,10748275,
VONE,calibration,Annual Report as at 31st March 2026 (Amended Version),2026-03-31,2026-06-11,https://cdn.cse.lk/cmt/upload_report_file/1074_1781171826129.pdf,14499000,ab31e54f08f0e082f8a7fce47bb098eac1175b17a08c63aaa5837cfa07880d5c
SUN,dev,Annual Report as at 31st March 2026,2026-03-31,2026-06-04,https://cdn.cse.lk/cmt/upload_report_file/510_1780538334556.pdf,10433321,68bc1a730307325db255a6b4052884656548b44d63b11bdbf16036f06da9d628
CCS,calibration,Annual Report as at 31st March 2026,2026-03-31,2026-05-25,https://cdn.cse.lk/cmt/upload_report_file/462_1779677347265.pdf,12780276,3ad5a389cff66958c7086da549979cb15a26ccb86fa8a14dbc16406ccab9f068
DIST,calibration,Annual Report as at 31st March 2026,2026-03-31,2026-08-20,https://cdn.cse.lk/cmt/upload_report_file/463_1787194928516.pdf,13486192,54202ebbd8797d64c55b51acf4f28e5b66ffb480bd05c4181be44b9e3214df47
LION,test,Annual Report as at 31st March 2026,2026-03-31,2026-07-06,https://cdn.cse.lk/cmt/upload_report_file/485_1783341509328.pdf,3738629,71da197974286b34c5d03326cefff09686eb292aaa6ad39815df252c7516a75c
GRAN,test,Annual Report as at 31st December 2025,2025-12-31,2026-05-05,https://cdn.cse.lk/cmt/upload_report_file/671_1777977423734.pdf,10223598,1ce409ed42520560234dd39f8205fa2c4b5cc3f47c1709a100be6a3bbc011b6f
CARG,test,Annual Report as at 31st March 2026,2026-03-31,2026-07-30,https://cdn.cse.lk/cmt/upload_report_file/457_1785408320411.pdf,7687270,316432d074ee06bbcafb16330e1efb223291177230c9ed11c2e43f209c062655
CTC,train,Annual Report as at 31st December 2025,2025-12-31,2026-04-20,https://cdn.cse.lk/cmt/upload_report_file/460_1776699315164.pdf,14663986,
TKYO,dev,Annual Report as at 31st March 2026,2026-03-31,2026-07-08,https://cdn.cse.lk/cmt/upload_report_file/688_1783505383015.pdf,10073467,241e3b649cd15b02d07c702940d1ae0914a1ca314aeeb35701c6c4f5b675141e
LLUB,test,Annual Report as at 31st December 2025,2025-12-31,2026-05-06,https://cdn.cse.lk/cmt/upload_report_file/668_1778059354982.pdf,3344076,703d02d07fb33ebb5e1d8079e47766fd796dc7a4fa46f1d81df642d98b0953ce
DIPD,test,Annual Report as at 31st March 2026,2026-03-31,2026-06-08,https://cdn.cse.lk/cmt/upload_report_file/670_1780916695628.pdf,20316098,5c3b2fb704721470348549924d4630e390e94341302389d4efa617b1040627b4
RCL,calibration,Annual Report as at 31st March 2026,2026-03-31,2026-06-05,https://cdn.cse.lk/cmt/upload_report_file/683_1780681863619.pdf,12932542,7ff8a719dc24f063d018ba595ad467cada93d1e01bfce550a5488f0476adfe42
DIAL,calibration,Annual Report as at 31st December 2025,2025-12-31,2026-05-19,https://cdn.cse.lk/cmt/upload_report_file/389_1779181920569.pdf,14839967,b9bd70163faaffd90f2a2f73fcf0fa65a257db627ce31edf534b3e463fcf0b48
SLTL,calibration,Annual Report as at 31st December 2025,2025-12-31,2026-05-27,https://cdn.cse.lk/cmt/upload_report_file/390_1779874742657.pdf,5969432,6ee6591d35757274820206aba2762240c177bdcd40d1328e156aacfaa5cdb2c6
KVAL,test,Annual Report as at 31st March 2026,2026-03-31,2026-06-03,https://cdn.cse.lk/cmt/upload_report_file/712_1780477745406.pdf,15407136,4ad479bddb42b323439b81db09bfa7e1612dc27fbf71582a69b1950cb3fc5588
WATA,test,Annual Report as at 31st March 2026,2026-03-31,2026-06-04,https://cdn.cse.lk/cmt/upload_report_file/728_1780541655801.pdf,5180114,6031ccd7c1c3a437d2f4fe296e02e457abc92c1f88ce5f1da4b4ca0755d177e8
