issuer,split,report,period_end,filed,url,bytes,sha256,cik,accession
ZION,calibration,Form 10-K for the fiscal year ended 31 December 2025,2025-12-31,2026-02-24,https://www.sec.gov/Archives/edgar/data/109380/000010938026000046/zions-20251231.htm,7510692,,109380,0000109380-26-000046
WAL,train,Form 10-K for the fiscal year ended 31 December 2025,2025-12-31,2026-02-23,https://www.sec.gov/Archives/edgar/data/1212545/000162828026010336/wal-20251231.htm,7412991,,1212545,0001628280-26-010336
EWBC,test,Form 10-K for the fiscal year ended 31 December 2025,2025-12-31,2026-02-27,https://www.sec.gov/Archives/edgar/data/1069157/000106915726000009/ewbc-20251231.htm,7802241,,1069157,0001069157-26-000009
FHN,calibration,Form 10-K for the fiscal year ended 31 December 2025,2025-12-31,2026-02-26,https://www.sec.gov/Archives/edgar/data/36966/000003696626000051/fhn-20251231.htm,8488565,,36966,0000036966-26-000051
FNB,test,Form 10-K for the fiscal year ended 31 December 2025,2025-12-31,2026-02-24,https://www.sec.gov/Archives/edgar/data/37808/000003780826000007/fnb-20251231.htm,6187195,,37808,0000037808-26-000007
WSFS,train,Form 10-K for the fiscal year ended 31 December 2025,2025-12-31,2026-03-02,https://www.sec.gov/Archives/edgar/data/828944/000082894426000006/wsfs-20251231.htm,6068089,,828944,0000828944-26-000006
CFG,calibration,Form 10-K for the fiscal year ended 31 December 2025,2025-12-31,2026-02-12,https://www.sec.gov/Archives/edgar/data/759944/000075994426000028/cfg-20251231.htm,6381337,,759944,0000759944-26-000028
AFG,test,Form 10-K for the fiscal year ended 31 December 2025,2025-12-31,2026-02-25,https://www.sec.gov/Archives/edgar/data/1042046/000104204626000010/afg-20251231.htm,5553299,,1042046,0001042046-26-000010
RLI,test,Form 10-K for the fiscal year ended 31 December 2025,2025-12-31,2026-02-20,https://www.sec.gov/Archives/edgar/data/84246/000110465926018013/rli-20251231x10k.htm,8558265,,84246,0001104659-26-018013
KNSL,dev,Form 10-K for the fiscal year ended 31 December 2025,2025-12-31,2026-02-20,https://www.sec.gov/Archives/edgar/data/1669162/000166916226000015/knsl-20251231.htm,3285591,1116f05b354bb67fc5cf0294e394e6df50ff809b4b93e85c98bfd9a92ae48176,1669162,0001669162-26-000015
SIGI,calibration,Form 10-K for the fiscal year ended 31 December 2025,2025-12-31,2026-02-09,https://www.sec.gov/Archives/edgar/data/230557/000023055726000006/sigi-20251231.htm,7679018,,230557,0000230557-26-000006
AAON,calibration,Form 10-K for the fiscal year ended 31 December 2025,2025-12-31,2026-03-02,https://www.sec.gov/Archives/edgar/data/824142/000082414226000005/aaon-20251231.htm,2170508,,824142,0000824142-26-000005
WSO,train,Form 10-K for the fiscal year ended 31 December 2025,2025-12-31,2026-02-27,https://www.sec.gov/Archives/edgar/data/105016/000119312526082486/wso-20251231.htm,833891,,105016,0001193125-26-082486
FIX,train,Form 10-K for the fiscal year ended 31 December 2025,2025-12-31,2026-02-19,https://www.sec.gov/Archives/edgar/data/1035983/000110465926017530/fix-20251231x10k.htm,3051116,,1035983,0001104659-26-017530
EME,calibration,Form 10-K for the fiscal year ended 31 December 2025,2025-12-31,2026-02-26,https://www.sec.gov/Archives/edgar/data/105634/000010563426000025/eme-20251231.htm,2769673,,105634,0000105634-26-000025
MLI,test,Form 10-K for the fiscal year ended 27 December 2025,2025-12-27,2026-02-25,https://www.sec.gov/Archives/edgar/data/89439/000008943926000008/mli-20251227.htm,2590257,,89439,0000089439-26-000008
UFPI,calibration,Form 10-K for the fiscal year ended 27 December 2025,2025-12-27,2026-02-25,https://www.sec.gov/Archives/edgar/data/912767/000110465926019567/ufpi-20251227x10k.htm,4386349,,912767,0001104659-26-019567
LSCC,test,Form 10-K for the fiscal year ended 3 January 2026,2026-01-03,2026-02-13,https://www.sec.gov/Archives/edgar/data/855658/000143774926004100/lscc20260103_10k.htm,2133544,,855658,0001437749-26-004100
POWI,calibration,Form 10-K for the fiscal year ended 31 December 2025,2025-12-31,2026-02-06,https://www.sec.gov/Archives/edgar/data/833640/000083364026000037/powi-20251231x10k.htm,3722341,,833640,0000833640-26-000037
SLAB,dev,Form 10-K for the fiscal year ended 3 January 2026,2026-01-03,2026-02-10,https://www.sec.gov/Archives/edgar/data/1038074/000103807426000005/slab-20260103.htm,1674179,d2ece380c2a3dc2b4cd70071e65da9de0ca6b8ca23209c3638f3bcb552dc64e5,1038074,0001038074-26-000005
AMKR,calibration,Form 10-K for the fiscal year ended 31 December 2025,2025-12-31,2026-02-20,https://www.sec.gov/Archives/edgar/data/1047127/000104712726000014/amkr-20251231.htm,2701262,,1047127,0001047127-26-000014
POOL,calibration,Form 10-K for the fiscal year ended 31 December 2025,2025-12-31,2026-02-26,https://www.sec.gov/Archives/edgar/data/945841/000119312526074833/pool-20251231.htm,4246895,,945841,0001193125-26-074833
CHDN,test,Form 10-K for the fiscal year ended 31 December 2025,2025-12-31,2026-02-25,https://www.sec.gov/Archives/edgar/data/20212/000002021226000025/chdn-20251231.htm,2489206,,20212,0000020212-26-000025
WSM,calibration,Form 10-K for the fiscal year ended 1 February 2026,2026-02-01,2026-03-26,https://www.sec.gov/Archives/edgar/data/719955/000071995526000059/wsm-20260201.htm,1370806,,719955,0000719955-26-000059
DKS,dev,Form 10-K for the fiscal year ended 31 January 2026,2026-01-31,2026-03-27,https://www.sec.gov/Archives/edgar/data/1089063/000108906326000007/dks-20260131.htm,2429393,ea98c130dada4a3adf0e74beaf1e4fe6a733137b9f262a00fb2730cf53ecbb7a,1089063,0001089063-26-000007
OGE,calibration,Form 10-K for the fiscal year ended 31 December 2025,2025-12-31,2026-02-18,https://www.sec.gov/Archives/edgar/data/1021635/000119312526055414/oge-20251231.htm,9001059,,1021635,0001193125-26-055414
IDA,test,Form 10-K for the fiscal year ended 31 December 2025,2025-12-31,2026-02-19,https://www.sec.gov/Archives/edgar/data/1057877/000105787726000028/ida-20251231.htm,4492158,,1057877,0001057877-26-000028
POR,test,Form 10-K for the fiscal year ended 31 December 2025,2025-12-31,2026-02-17,https://www.sec.gov/Archives/edgar/data/784977/000119312526052750/por-20251231.htm,7355646,,784977,0001193125-26-052750
NJR,test,Form 10-K for the fiscal year ended 30 September 2025,2025-09-30,2025-11-20,https://www.sec.gov/Archives/edgar/data/356309/000035630925000093/njr-20250930.htm,4565659,,356309,0000356309-25-000093
CHE,test,Form 10-K for the fiscal year ended 31 December 2025,2025-12-31,2026-02-27,https://www.sec.gov/Archives/edgar/data/19584/000156276226000020/che-20251231x10k.htm,9846802,,19584,0001562762-26-000020
ENSG,test,Form 10-K for the fiscal year ended 31 December 2025,2025-12-31,2026-02-04,https://www.sec.gov/Archives/edgar/data/1125376/000112537626000007/ensg-20251231.htm,3372055,,1125376,0001125376-26-000007
MEDP,dev,Form 10-K for the fiscal year ended 31 December 2025,2025-12-31,2026-02-10,https://www.sec.gov/Archives/edgar/data/1668397/000166839726000006/medp-20251231.htm,1687766,8b0c9df0e3a1d7cef0ca2a064b478caf465b00e3f0e6baf9366b1e9a0371d19b,1668397,0001668397-26-000006
